source_subject_key,analysis_subject_id
SRC-P001,P001
SRC-P002,P002
SRC-P003,P003
SRC-P004,P004
SRC-P005,P005
SRC-P006,P006
SRC-P007,P007
SRC-P008,P008
SRC-P009,P009
SRC-P010,P010
SRC-P011,P011
SRC-P012,P012
SRC-P013,P013
SRC-P014,P014
SRC-P015,P015
SRC-P016,P016
SRC-P017,P017
SRC-P018,P018
SRC-P019,P019
SRC-P020,P020
SRC-P021,P021
SRC-P022,P022
SRC-P023,P023
SRC-P024,P024
SRC-P025,P025
SRC-P026,P026
SRC-P027,P027
SRC-P028,P028
SRC-P029,P029
SRC-P030,P030
SRC-P031,P031
SRC-P032,P032
SRC-P033,P033
SRC-P034,P034
SRC-P035,P035
SRC-P036,P036
SRC-P037,P037
SRC-P038,P038
SRC-P039,P039
SRC-P040,P040
SRC-P041,P041
SRC-P042,P042
SRC-P043,P043
SRC-P044,P044
SRC-P045,P045
SRC-P046,P046
SRC-P047,P047
SRC-P048,P048
